Model,Drive,Fuel,Veh Class,Comb CO2
TT Roadster quattro,All Wheel Drive,Gasoline (Regular Unleaded Recommended),Two Seaters,336
M4 DTM Champions Edition,2-Wheel Drive  Rear,Gasoline (Premium Unleaded Recommended),Two Seaters,450
Chiron,All Wheel Drive,Gasoline (Premium Unleaded Required),Two Seaters,840
CORVETTE,2-Wheel Drive  Rear,Gasoline (Premium Unleaded Required),Two Seaters,487
CORVETTE,2-Wheel Drive  Rear,Gasoline (Premium Unleaded Required),Two Seaters,541
CORVETTE,2-Wheel Drive  Rear,Gasoline (Premium Unleaded Required),Two Seaters,503
CORVETTE,2-Wheel Drive  Rear,Gasoline (Premium Unleaded Required),Two Seaters,466
488 gtb,2-Wheel Drive  Rear,Gasoline (Premium Unleaded Required),Two Seaters,501
488 gtb,2-Wheel Drive  Rear,Gasoline (Premium Unleaded Required),Two Seaters,495
488 Spider,2-Wheel Drive  Rear,Gasoline (Premium Unleaded Required),Two Seaters,495
488 Spider,2-Wheel Drive  Rear,Gasoline (Premium Unleaded Required),Two Seaters,501
812 Superfast,2-Wheel Drive  Rear,Gasoline (Premium Unleaded Required),Two Seaters,661
F-TYPE Convertible,2-Wheel Drive  Rear,Gasoline (Premium Unleaded Recommended),Two Seaters,390
F-TYPE Convertible Manual,2-Wheel Drive  Rear,Gasoline (Premium Unleaded Recommended),Two Seaters,476
F-TYPE Coupe,2-Wheel Drive  Rear,Gasoline (Premium Unleaded Recommended),Two Seaters,390
F-TYPE Coupe Manual,2-Wheel Drive  Rear,Gasoline (Premium Unleaded Recommended),Two Seaters,476
F-TYPE R AWD Convertible,All Wheel Drive,Gasoline (Premium Unleaded Recommended),Two Seaters,500
F-TYPE R AWD Coupe,All Wheel Drive,Gasoline (Premium Unleaded Recommended),Two Seaters,500
F-TYPE S AWD Convertible,All Wheel Drive,Gasoline (Premium Unleaded Recommended),Two Seaters,426
F-TYPE S AWD Coupe,All Wheel Drive,Gasoline (Premium Unleaded Recommended),Two Seaters,426
F-TYPE S Convertible,2-Wheel Drive  Rear,Gasoline (Premium Unleaded Recommended),Two Seaters,407
F-TYPE S Convertible Manual,2-Wheel Drive  Rear,Gasoline (Premium Unleaded Recommended),Two Seaters,485
F-TYPE S Coupe,2-Wheel Drive  Rear,Gasoline (Premium Unleaded Recommended),Two Seaters,407
F-TYPE S Coupe Manual,2-Wheel Drive  Rear,Gasoline (Premium Unleaded Recommended),Two Seaters,485
Aventador Coupe,All Wheel Drive,Gasoline (Premium Unleaded Required),Two Seaters,731
Aventador Roadster,All Wheel Drive,Gasoline (Premium Unleaded Required),Two Seaters,751
Aventador S Coupe,All Wheel Drive,Gasoline (Premium Unleaded Required),Two Seaters,731
Aventador S Roadster,All Wheel Drive,Gasoline (Premium Unleaded Required),Two Seaters,751
AMG GT (coupe),2-Wheel Drive  Rear,Gasoline (Premium Unleaded Required),Two Seaters,486
AMG GT (roadster),2-Wheel Drive  Rear,Gasoline (Premium Unleaded Required),Two Seaters,490
AMG GT S (coupe),2-Wheel Drive  Rear,Gasoline (Premium Unleaded Required),Two Seaters,486
AMG SLC 43,2-Wheel Drive  Rear,Gasoline (Premium Unleaded Required),Two Seaters,379
SLC 300,2-Wheel Drive  Rear,Gasoline (Premium Unleaded Required),Two Seaters,324
370Z,2-Wheel Drive  Rear,Gasoline (Premium Unleaded Required),Two Seaters,411
370Z,2-Wheel Drive  Rear,Gasoline (Premium Unleaded Required),Two Seaters,426
370Z Roadster,2-Wheel Drive  Rear,Gasoline (Premium Unleaded Required),Two Seaters,433
370Z Roadster,2-Wheel Drive  Rear,Gasoline (Premium Unleaded Required),Two Seaters,447
California T,2-Wheel Drive  Rear,Gasoline (Premium Unleaded Required),Minicompact Cars,478
California T,2-Wheel Drive  Rear,Gasoline (Premium Unleaded Required),Minicompact Cars,487
GTC4Lusso,Part-time 4-Wheel Drive,Gasoline (Premium Unleaded Required),Minicompact Cars,661
GTC4Lusso T,2-Wheel Drive  Rear,Gasoline (Premium Unleaded Required),Minicompact Cars,524
COOPER CONVERTIBLE,2-Wheel Drive  Front,Gasoline (Premium Unleaded Recommended),Minicompact Cars,294
COOPER CONVERTIBLE,2-Wheel Drive  Front,Gasoline (Premium Unleaded Recommended),Minicompact Cars,280
COOPER S CONVERTIBLE,2-Wheel Drive  Front,Gasoline (Premium Unleaded Recommended),Minicompact Cars,315
COOPER S CONVERTIBLE,2-Wheel Drive  Front,Gasoline (Premium Unleaded Recommended),Minicompact Cars,338
JOHN COOPER WORKS CONVERTIBLE,2-Wheel Drive  Front,Gasoline (Premium Unleaded Recommended),Minicompact Cars,315
JOHN COOPER WORKS CONVERTIBLE,2-Wheel Drive  Front,Gasoline (Premium Unleaded Recommended),Minicompact Cars,349
A3,2-Wheel Drive  Front,Gasoline (Regular Unleaded Recommended),Subcompact Cars,303
A3 Cabriolet,2-Wheel Drive  Front,Gasoline (Regular Unleaded Recommended),Subcompact Cars,315
A3 Cabriolet quattro,All Wheel Drive,Gasoline (Regular Unleaded Recommended),Subcompact Cars,359
A3 quattro,All Wheel Drive,Gasoline (Regular Unleaded Recommended),Subcompact Cars,330
A5 Cabriolet quattro,All Wheel Drive,Gasoline (Premium Unleaded Recommended),Subcompact Cars,327
A5 quattro,All Wheel Drive,Gasoline (Premium Unleaded Recommended),Subcompact Cars,327
A5 quattro,All Wheel Drive,Gasoline (Premium Unleaded Recommended),Subcompact Cars,327
RS3,All Wheel Drive,Gasoline (Premium Unleaded Recommended),Subcompact Cars,399
S3,All Wheel Drive,Gasoline (Premium Unleaded Recommended),Subcompact Cars,359
S5,All Wheel Drive,Gasoline (Premium Unleaded Recommended),Subcompact Cars,374
S5 Cabriolet,All Wheel Drive,Gasoline (Premium Unleaded Recommended),Subcompact Cars,384
TT Coupe quattro,All Wheel Drive,Gasoline (Regular Unleaded Recommended),Subcompact Cars,336
TT RS,All Wheel Drive,Gasoline (Premium Unleaded Recommended),Subcompact Cars,395
TTS Coupe,All Wheel Drive,Gasoline (Premium Unleaded Recommended),Subcompact Cars,358
230i Convertible,2-Wheel Drive  Rear,Gasoline (Premium Unleaded Recommended),Subcompact Cars,324
230i Coupe,2-Wheel Drive  Rear,Gasoline (Premium Unleaded Recommended),Subcompact Cars,318
230i xDrive Convertible,All Wheel Drive,Gasoline (Premium Unleaded Recommended),Subcompact Cars,333
430i Convertible,2-Wheel Drive  Rear,Gasoline (Premium Unleaded Recommended),Subcompact Cars,324
430i xDrive Convertible,All Wheel Drive,Gasoline (Premium Unleaded Recommended),Subcompact Cars,343
440i Convertible,2-Wheel Drive  Rear,Gasoline (Premium Unleaded Recommended),Subcompact Cars,372
440i xDrive Convertible,All Wheel Drive,Gasoline (Premium Unleaded Recommended),Subcompact Cars,382
640i Convertible,2-Wheel Drive  Rear,Gasoline (Premium Unleaded Recommended),Subcompact Cars,378
640i xDrive Convertible,All Wheel Drive,Gasoline (Premium Unleaded Recommended),Subcompact Cars,396
650i Convertible,2-Wheel Drive  Rear,Gasoline (Premium Unleaded Recommended),Subcompact Cars,449
650i xDrive Convertible,All Wheel Drive,Gasoline (Premium Unleaded Recommended),Subcompact Cars,463
M2,2-Wheel Drive  Rear,Gasoline (Premium Unleaded Recommended),Subcompact Cars,395
M2,2-Wheel Drive  Rear,Gasoline (Premium Unleaded Recommended),Subcompact Cars,430
M240i Convertible,2-Wheel Drive  Rear,Gasoline (Premium Unleaded Recommended),Subcompact Cars,362
M240i Convertible,2-Wheel Drive  Rear,Gasoline (Premium Unleaded Recommended),Subcompact Cars,411
M240i Coupe,2-Wheel Drive  Rear,Gasoline (Premium Unleaded Recommended),Subcompact Cars,362
M240i Coupe,2-Wheel Drive  Rear,Gasoline (Premium Unleaded Recommended),Subcompact Cars,401
M240i xDrive Convertible,All Wheel Drive,Gasoline (Premium Unleaded Recommended),Subcompact Cars,365
M240i xDrive Coupe,All Wheel Drive,Gasoline (Premium Unleaded Recommended),Subcompact Cars,365
M4 Convertible,2-Wheel Drive  Rear,Gasoline (Premium Unleaded Recommended),Subcompact Cars,481
M4 Convertible,2-Wheel Drive  Rear,Gasoline (Premium Unleaded Required),Subcompact Cars,450
M6 Convertible,2-Wheel Drive  Rear,Gasoline (Premium Unleaded Recommended),Subcompact Cars,553
M6 Convertible,2-Wheel Drive  Rear,Gasoline (Premium Unleaded Recommended),Subcompact Cars,522
CAMARO,2-Wheel Drive  Rear,Gasoline (Premium Unleaded Required),Subcompact Cars,354
CAMARO,2-Wheel Drive  Rear,Gasoline (Premium Unleaded Required),Subcompact Cars,379
CAMARO,2-Wheel Drive  Rear,Gasoline (Regular Unleaded Recommended),Subcompact Cars,396
CAMARO,2-Wheel Drive  Rear,Gasoline (Regular Unleaded Recommended),Subcompact Cars,437
CAMARO,2-Wheel Drive  Rear,Gasoline (Premium Unleaded Required),Subcompact Cars,582
CAMARO,2-Wheel Drive  Rear,Gasoline (Premium Unleaded Required),Subcompact Cars,442
CAMARO,2-Wheel Drive  Rear,Gasoline (Premium Unleaded Required),Subcompact Cars,559
CAMARO,2-Wheel Drive  Rear,Gasoline (Premium Unleaded Required),Subcompact Cars,457
LC 500,2-Wheel Drive  Rear,Gasoline (Premium Unleaded Required),Subcompact Cars,459
LC 500h,2-Wheel Drive  Rear,Gasoline (Premium Unleaded Required),Subcompact Cars,301
GRANTURISMO,2-Wheel Drive  Rear,Gasoline (Premium Unleaded Required),Subcompact Cars,572
GRANTURISMO CONVERTIBLE,2-Wheel Drive  Rear,Gasoline (Premium Unleaded Required),Subcompact Cars,577
E 400 (coupe),2-Wheel Drive  Rear,Gasoline (Premium Unleaded Required),Subcompact Cars,397
E 400 4MATIC (coupe),4-Wheel Drive,Gasoline (Premium Unleaded Required),Subcompact Cars,394
COOPER HARDTOP 2 DOOR,2-Wheel Drive  Front,Gasoline (Premium Unleaded Recommended),Subcompact Cars,294
COOPER HARDTOP 2 DOOR,2-Wheel Drive  Front,Gasoline (Premium Unleaded Recommended),Subcompact Cars,282
COOPER HARDTOP 4 DOOR,2-Wheel Drive  Front,Gasoline (Premium Unleaded Recommended),Subcompact Cars,294
COOPER HARDTOP 4 DOOR,2-Wheel Drive  Front,Gasoline (Premium Unleaded Recommended),Subcompact Cars,280
COOPER S HARDTOP 2 DOOR,2-Wheel Drive  Front,Gasoline (Premium Unleaded Recommended),Subcompact Cars,316
COOPER S HARDTOP 2 DOOR,2-Wheel Drive  Front,Gasoline (Premium Unleaded Recommended),Subcompact Cars,338
COOPER S HARDTOP 4 DOOR,2-Wheel Drive  Front,Gasoline (Premium Unleaded Recommended),Subcompact Cars,316
COOPER S HARDTOP 4 DOOR,2-Wheel Drive  Front,Gasoline (Premium Unleaded Recommended),Subcompact Cars,338
JOHN COOPER WORKS HARDTOP,2-Wheel Drive  Front,Gasoline (Premium Unleaded Recommended),Subcompact Cars,316
JOHN COOPER WORKS HARDTOP,2-Wheel Drive  Front,Gasoline (Premium Unleaded Recommended),Subcompact Cars,338
Beetle Convertible,2-Wheel Drive  Front,Gasoline (Regular Unleaded Recommended),Subcompact Cars,308
Beetle Dune Convertible,2-Wheel Drive  Front,Gasoline (Regular Unleaded Recommended),Subcompact Cars,305
TLX AWD,All Wheel Drive,Gasoline (Premium Unleaded Recommended),Compact Cars,369
TLX AWD A-SPEC,All Wheel Drive,Gasoline (Premium Unleaded Recommended),Compact Cars,387
TLX FWD,2-Wheel Drive  Front,Gasoline (Premium Unleaded Recommended),Compact Cars,330
TLX FWD,2-Wheel Drive  Front,Gasoline (Premium Unleaded Recommended),Compact Cars,368
TLX FWD A-SPEC,2-Wheel Drive  Front,Gasoline (Premium Unleaded Recommended),Compact Cars,382
A4 quattro,All Wheel Drive,Gasoline (Premium Unleaded Recommended),Compact Cars,327
A4 quattro,All Wheel Drive,Gasoline (Premium Unleaded Recommended),Compact Cars,327
Q3,2-Wheel Drive  Front,Gasoline (Premium Unleaded Recommended),Compact Cars,380
Q3 quattro,All Wheel Drive,Gasoline (Premium Unleaded Recommended),Compact Cars,387
S4,All Wheel Drive,Gasoline (Premium Unleaded Recommended),Compact Cars,374
320i,2-Wheel Drive  Rear,Gasoline (Premium Unleaded Recommended),Compact Cars,323
320i,2-Wheel Drive  Rear,Gasoline (Premium Unleaded Recommended),Compact Cars,326
320i xDrive,All Wheel Drive,Gasoline (Premium Unleaded Recommended),Compact Cars,332
330i,2-Wheel Drive  Rear,Gasoline (Premium Unleaded Recommended),Compact Cars,324
330i xDrive,All Wheel Drive,Gasoline (Premium Unleaded Recommended),Compact Cars,333
340i,2-Wheel Drive  Rear,Gasoline (Premium Unleaded Recommended),Compact Cars,352
340i,2-Wheel Drive  Rear,Gasoline (Premium Unleaded Recommended),Compact Cars,389
340i xDrive,All Wheel Drive,Gasoline (Premium Unleaded Recommended),Compact Cars,357
340i xDrive,All Wheel Drive,Gasoline (Premium Unleaded Recommended),Compact Cars,390
430i Coupe,2-Wheel Drive  Rear,Gasoline (Premium Unleaded Recommended),Compact Cars,324
430i Coupe,2-Wheel Drive  Rear,Gasoline (Premium Unleaded Recommended),Compact Cars,351
430i Gran Coupe,2-Wheel Drive  Rear,Gasoline (Premium Unleaded Recommended),Compact Cars,324
430i xDrive Coupe,All Wheel Drive,Gasoline (Premium Unleaded Recommended),Compact Cars,333
430i xDrive Gran Coupe,All Wheel Drive,Gasoline (Premium Unleaded Recommended),Compact Cars,333
440i Coupe,2-Wheel Drive  Rear,Gasoline (Premium Unleaded Recommended),Compact Cars,352
440i Coupe,2-Wheel Drive  Rear,Gasoline (Premium Unleaded Recommended),Compact Cars,389
440i Gran Coupe,2-Wheel Drive  Rear,Gasoline (Premium Unleaded Recommended),Compact Cars,352
440i xDrive Coupe,All Wheel Drive,Gasoline (Premium Unleaded Recommended),Compact Cars,357
440i xDrive Coupe,All Wheel Drive,Gasoline (Premium Unleaded Recommended),Compact Cars,390
440i xDrive Gran Coupe,All Wheel Drive,Gasoline (Premium Unleaded Recommended),Compact Cars,357
640i Gran Coupe,2-Wheel Drive  Rear,Gasoline (Premium Unleaded Recommended),Compact Cars,378
640i xDrive Gran Coupe,All Wheel Drive,Gasoline (Premium Unleaded Recommended),Compact Cars,396
650i Gran Coupe,2-Wheel Drive  Rear,Gasoline (Premium Unleaded Recommended),Compact Cars,449
650i xDrive Gran Coupe,All Wheel Drive,Gasoline (Premium Unleaded Recommended),Compact Cars,463
Alpina B6 xDrive Gran Coupe,All Wheel Drive,Gasoline (Premium Unleaded Recommended),Compact Cars,463
M3,2-Wheel Drive  Rear,Gasoline (Premium Unleaded Recommended),Compact Cars,450
M3,2-Wheel Drive  Rear,Gasoline (Premium Unleaded Required),Compact Cars,439
M4 Coupe,2-Wheel Drive  Rear,Gasoline (Premium Unleaded Recommended),Compact Cars,450
M4 Coupe,2-Wheel Drive  Rear,Gasoline (Premium Unleaded Required),Compact Cars,439
M6 Gran Coupe,2-Wheel Drive  Rear,Gasoline (Premium Unleaded Recommended),Compact Cars,553
M6 Gran Coupe,2-Wheel Drive  Rear,Gasoline (Premium Unleaded Recommended),Compact Cars,522
ATS AWD,All Wheel Drive,Gasoline (Premium Unleaded Required),Compact Cars,358
ATS AWD,All Wheel Drive,Gasoline (Regular Unleaded Recommended),Compact Cars,398
ATS-V,2-Wheel Drive  Rear,Gasoline (Premium Unleaded Required),Compact Cars,469
CRUZE,2-Wheel Drive  Front,Gasoline (Regular Unleaded Recommended),Compact Cars,267
CRUZE,2-Wheel Drive  Front,Gasoline (Regular Unleaded Recommended),Compact Cars,277
CRUZE PREMIER,2-Wheel Drive  Front,Gasoline (Regular Unleaded Recommended),Compact Cars,269
SONIC,2-Wheel Drive  Front,Gasoline (Regular Unleaded Recommended),Compact Cars,296
SONIC,2-Wheel Drive  Front,Gasoline (Regular Unleaded Recommended),Compact Cars,280
Q50 HYBRID,2-Wheel Drive  Rear,Gasoline (Premium Unleaded Required),Compact Cars,308
Q50 HYBRID AWD,All Wheel Drive,Gasoline (Premium Unleaded Required),Compact Cars,321
QX30,2-Wheel Drive  Front,Gasoline (Premium Unleaded Required),Compact Cars,324
QX30 AWD,All Wheel Drive,Gasoline (Premium Unleaded Required),Compact Cars,362
XE,2-Wheel Drive  Rear,Diesel  ultra low sulfur (15 ppm  maximum),Compact Cars,284
XE,2-Wheel Drive  Rear,Gasoline (Premium Unleaded Recommended),Compact Cars,312
XE,2-Wheel Drive  Rear,Gasoline (Premium Unleaded Recommended),Compact Cars,369
XE AWD,All Wheel Drive,Diesel  ultra low sulfur (15 ppm  maximum),Compact Cars,299
XE AWD,All Wheel Drive,Gasoline (Premium Unleaded Recommended),Compact Cars,321
XE AWD,All Wheel Drive,Gasoline (Premium Unleaded Recommended),Compact Cars,383
CX-3 2WD,2-Wheel Drive  Front,Gasoline (Regular Unleaded Recommended),Compact Cars,290
CX-3 4WD,4-Wheel Drive,Gasoline (Regular Unleaded Recommended),Compact Cars,308
MAZDA3 4-Door,2-Wheel Drive  Front,Gasoline (Regular Unleaded Recommended),Compact Cars,283
MAZDA3 4-Door,2-Wheel Drive  Front,Gasoline (Regular Unleaded Recommended),Compact Cars,281
MAZDA3 4-Door,2-Wheel Drive  Front,Gasoline (Regular Unleaded Recommended),Compact Cars,293
AMG CLA 45 4MATIC,4-Wheel Drive,Gasoline (Premium Unleaded Required),Compact Cars,348
CLA 250,2-Wheel Drive  Front,Gasoline (Premium Unleaded Required),Compact Cars,310
CLA 250 4MATIC,Part-time 4-Wheel Drive,Gasoline (Premium Unleaded Required),Compact Cars,328
CLA 250 4MATIC,4-Wheel Drive,Gasoline (Premium Unleaded Required),Compact Cars,328
MIRAGE,2-Wheel Drive  Front,Gasoline (Regular Unleaded Recommended),Compact Cars,225
MIRAGE,2-Wheel Drive  Front,Gasoline (Regular Unleaded Recommended),Compact Cars,242
MIRAGE G4,2-Wheel Drive  Front,Gasoline (Regular Unleaded Recommended),Compact Cars,237
MIRAGE G4,2-Wheel Drive  Front,Gasoline (Regular Unleaded Recommended),Compact Cars,249
WRX,All Wheel Drive,Gasoline (Premium Unleaded Recommended),Compact Cars,420
WRX,All Wheel Drive,Gasoline (Premium Unleaded Recommended),Compact Cars,383
WRX,All Wheel Drive,Gasoline (Premium Unleaded Required),Compact Cars,471
C-HR,2-Wheel Drive  Front,Gasoline (Regular Unleaded Recommended),Compact Cars,305
PRIUS c,2-Wheel Drive  Front,Gasoline (Regular Unleaded Recommended),Compact Cars,193
YARIS,2-Wheel Drive  Front,Gasoline (Regular Unleaded Recommended),Compact Cars,278
YARIS,2-Wheel Drive  Front,Gasoline (Regular Unleaded Recommended),Compact Cars,271
Beetle,2-Wheel Drive  Front,Gasoline (Regular Unleaded Recommended),Compact Cars,308
Beetle Dune,2-Wheel Drive  Front,Gasoline (Regular Unleaded Recommended),Compact Cars,305
Golf R,All Wheel Drive,Gasoline (Premium Unleaded Recommended),Compact Cars,354
Golf R,All Wheel Drive,Gasoline (Premium Unleaded Recommended),Compact Cars,366
Jetta,2-Wheel Drive  Front,Gasoline (Regular Unleaded Recommended),Compact Cars,282
Jetta,2-Wheel Drive  Front,Gasoline (Regular Unleaded Recommended),Compact Cars,271
S60 AWD,All Wheel Drive,Gasoline (Regular Unleaded Recommended),Compact Cars,338
S60 AWD,All Wheel Drive,Gasoline (Premium Unleaded Required),Compact Cars,345
S60 CC AWD,All Wheel Drive,Gasoline (Regular Unleaded Recommended),Compact Cars,354
S60 FWD,2-Wheel Drive  Front,Gasoline (Regular Unleaded Recommended),Compact Cars,304
S60 Inscription AWD,All Wheel Drive,Gasoline (Regular Unleaded Recommended),Compact Cars,338
S60 Inscription FWD,2-Wheel Drive  Front,Gasoline (Regular Unleaded Recommended),Compact Cars,304
S60 Polestar AWD,All Wheel Drive,Gasoline (Premium Unleaded Required),Compact Cars,393
A5 Sportback quattro,All Wheel Drive,Gasoline (Premium Unleaded Recommended),Midsize Cars,327
A6,2-Wheel Drive  Front,Gasoline (Premium Unleaded Recommended),Midsize Cars,311
A6 quattro,All Wheel Drive,Gasoline (Premium Unleaded Recommended),Midsize Cars,347
A6 quattro,All Wheel Drive,Gasoline (Premium Unleaded Recommended),Midsize Cars,378
A7 quattro,All Wheel Drive,Gasoline (Premium Unleaded Recommended),Midsize Cars,378
S5 Sportback,All Wheel Drive,Gasoline (Premium Unleaded Recommended),Midsize Cars,374
530i,2-Wheel Drive  Rear,Gasoline (Premium Unleaded Recommended),Midsize Cars,324
530i xDrive,All Wheel Drive,Gasoline (Premium Unleaded Recommended),Midsize Cars,333
M550i xDrive,All Wheel Drive,Gasoline (Premium Unleaded Recommended),Midsize Cars,454
ATS,2-Wheel Drive  Rear,Gasoline (Premium Unleaded Required),Midsize Cars,348
ATS,2-Wheel Drive  Rear,Gasoline (Premium Unleaded Required),Midsize Cars,388
ATS,2-Wheel Drive  Rear,Gasoline (Regular Unleaded Recommended),Midsize Cars,376
CTS,2-Wheel Drive  Rear,Gasoline (Premium Unleaded Required),Midsize Cars,360
CTS,2-Wheel Drive  Rear,Gasoline (Regular Unleaded Recommended),Midsize Cars,376
CTS,2-Wheel Drive  Rear,Gasoline (Premium Unleaded Required),Midsize Cars,488
CTS AWD,All Wheel Drive,Gasoline (Premium Unleaded Required),Midsize Cars,368
CTS AWD,All Wheel Drive,Gasoline (Regular Unleaded Recommended),Midsize Cars,398
CTS-V,2-Wheel Drive  Rear,Gasoline (Premium Unleaded Required),Midsize Cars,530
CRUZE HATCHBACK,2-Wheel Drive  Front,Gasoline (Regular Unleaded Recommended),Midsize Cars,278
CRUZE PREMIER HATCHBACK,2-Wheel Drive  Front,Gasoline (Regular Unleaded Recommended),Midsize Cars,287
MALIBU,2-Wheel Drive  Front,Gasoline (Regular Unleaded Recommended),Midsize Cars,292
MALIBU,2-Wheel Drive  Front,Gasoline (Premium Unleaded Required),Midsize Cars,344
Challenger,2-Wheel Drive  Rear,Gasoline (Regular Unleaded Recommended),Midsize Cars,389
Challenger,2-Wheel Drive  Rear,Gasoline (Mid Grade Unleaded Recommended),Midsize Cars,466
Challenger,2-Wheel Drive  Rear,Gasoline (Premium Unleaded Required),Midsize Cars,494
Challenger,2-Wheel Drive  Rear,Gasoline (Premium Unleaded Required),Midsize Cars,486
Challenger,2-Wheel Drive  Rear,Gasoline (Premium Unleaded Required),Midsize Cars,523
Challenger GT,All Wheel Drive,Gasoline (Regular Unleaded Recommended),Midsize Cars,415
Challenger SRT,2-Wheel Drive  Rear,Gasoline (Premium Unleaded Required),Midsize Cars,546
Challenger SRT,2-Wheel Drive  Rear,Gasoline (Premium Unleaded Required),Midsize Cars,567
Challenger SRT,2-Wheel Drive  Rear,Gasoline (Premium Unleaded Required),Midsize Cars,486
Challenger SRT,2-Wheel Drive  Rear,Gasoline (Premium Unleaded Required),Midsize Cars,523
Elantra,2-Wheel Drive  Front,Gasoline (Regular Unleaded Recommended),Midsize Cars,256
Elantra,2-Wheel Drive  Front,Gasoline (Regular Unleaded Recommended),Midsize Cars,305
Elantra,2-Wheel Drive  Front,Gasoline (Regular Unleaded Recommended),Midsize Cars,356
Elantra,2-Wheel Drive  Front,Gasoline (Regular Unleaded Recommended),Midsize Cars,281
Elantra,2-Wheel Drive  Front,Gasoline (Regular Unleaded Recommended),Midsize Cars,301
Elantra SE,2-Wheel Drive  Front,Gasoline (Regular Unleaded Recommended),Midsize Cars,272
Q50,2-Wheel Drive  Rear,Gasoline (Premium Unleaded Required),Midsize Cars,349
Q50,2-Wheel Drive  Rear,Gasoline (Premium Unleaded Required),Midsize Cars,387
Q50 AWD,All Wheel Drive,Gasoline (Premium Unleaded Required),Midsize Cars,368
Q50 AWD,All Wheel Drive,Gasoline (Premium Unleaded Required),Midsize Cars,408
Q50 AWD RED SPORT,All Wheel Drive,Gasoline (Premium Unleaded Required),Midsize Cars,405
Q50 RED SPORT,2-Wheel Drive  Rear,Gasoline (Premium Unleaded Required),Midsize Cars,404
Q70,2-Wheel Drive  Rear,Gasoline (Premium Unleaded Required),Midsize Cars,433
Q70,2-Wheel Drive  Rear,Gasoline (Premium Unleaded Required),Midsize Cars,464
Q70 AWD,All Wheel Drive,Gasoline (Premium Unleaded Required),Midsize Cars,442
Q70 AWD,All Wheel Drive,Gasoline (Premium Unleaded Required),Midsize Cars,490
Q70 HYBRID,2-Wheel Drive  Rear,Gasoline (Premium Unleaded Required),Midsize Cars,296
XF,2-Wheel Drive  Rear,Diesel  ultra low sulfur (15 ppm  maximum),Midsize Cars,289
XF,2-Wheel Drive  Rear,Gasoline (Premium Unleaded Recommended),Midsize Cars,312
XF,2-Wheel Drive  Rear,Gasoline (Premium Unleaded Recommended),Midsize Cars,377
XF AWD,All Wheel Drive,Diesel  ultra low sulfur (15 ppm  maximum),Midsize Cars,299
XF AWD,All Wheel Drive,Gasoline (Premium Unleaded Recommended),Midsize Cars,333
XF AWD,All Wheel Drive,Gasoline (Premium Unleaded Recommended),Midsize Cars,390
Forte,2-Wheel Drive  Front,Gasoline (Regular Unleaded Recommended),Midsize Cars,279
Forte,2-Wheel Drive  Front,Gasoline (Regular Unleaded Recommended),Midsize Cars,318
Forte,2-Wheel Drive  Front,Gasoline (Regular Unleaded Recommended),Midsize Cars,314
Ghibli  S RWD,2-Wheel Drive  Rear,Gasoline (Premium Unleaded Required),Midsize Cars,471
Ghibli V6 Rear Wheel Drive (RWD),2-Wheel Drive  Rear,Gasoline (Premium Unleaded Required),Midsize Cars,460
Ghibli V6 SQ4 AWD,All Wheel Drive,Gasoline (Premium Unleaded Required),Midsize Cars,475
MAZDA3 5-Door,2-Wheel Drive  Front,Gasoline (Regular Unleaded Recommended),Midsize Cars,280
MAZDA3 5-Door,2-Wheel Drive  Front,Gasoline (Regular Unleaded Recommended),Midsize Cars,286
MAZDA3 5-Door,2-Wheel Drive  Front,Gasoline (Regular Unleaded Recommended),Midsize Cars,301
COOPER CLUBMAN,2-Wheel Drive  Front,Gasoline (Premium Unleaded Recommended),Midsize Cars,323
COOPER CLUBMAN,2-Wheel Drive  Front,Gasoline (Premium Unleaded Recommended),Midsize Cars,319
COOPER CLUBMAN ALL4,All Wheel Drive,Gasoline (Premium Unleaded Recommended),Midsize Cars,344
COOPER COUNTRYMAN,2-Wheel Drive  Front,Gasoline (Premium Unleaded Recommended),Midsize Cars,323
COOPER COUNTRYMAN,2-Wheel Drive  Front,Gasoline (Premium Unleaded Recommended),Midsize Cars,319
COOPER COUNTRYMAN ALL4,All Wheel Drive,Gasoline (Premium Unleaded Recommended),Midsize Cars,347
COOPER COUNTRYMAN ALL4,All Wheel Drive,Gasoline (Premium Unleaded Recommended),Midsize Cars,344
COOPER S CLUBMAN,2-Wheel Drive  Front,Gasoline (Premium Unleaded Recommended),Midsize Cars,332
COOPER S CLUBMAN,2-Wheel Drive  Front,Gasoline (Premium Unleaded Recommended),Midsize Cars,349
COOPER S CLUBMAN ALL4,All Wheel Drive,Gasoline (Premium Unleaded Recommended),Midsize Cars,346
COOPER S CLUBMAN ALL4,All Wheel Drive,Gasoline (Premium Unleaded Recommended),Midsize Cars,366
COOPER S COUNTRYMAN,2-Wheel Drive  Front,Gasoline (Premium Unleaded Recommended),Midsize Cars,332
COOPER S COUNTRYMAN ALL4,All Wheel Drive,Gasoline (Premium Unleaded Recommended),Midsize Cars,346
COOPER S COUNTRYMAN ALL4,All Wheel Drive,Gasoline (Premium Unleaded Recommended),Midsize Cars,365
JCW COUNTRYMAN ALL4,All Wheel Drive,Gasoline (Premium Unleaded Recommended),Midsize Cars,354
JCW COUNTRYMAN ALL4,All Wheel Drive,Gasoline (Premium Unleaded Recommended),Midsize Cars,373
IMPREZA 4-Door,All Wheel Drive,Gasoline (Regular Unleaded Recommended),Midsize Cars,282
IMPREZA 4-Door,All Wheel Drive,Gasoline (Regular Unleaded Recommended),Midsize Cars,331
IMPREZA SPORT 4-Door,All Wheel Drive,Gasoline (Regular Unleaded Recommended),Midsize Cars,291
IMPREZA SPORT 4-Door,All Wheel Drive,Gasoline (Regular Unleaded Recommended),Midsize Cars,337
LEGACY,All Wheel Drive,Gasoline (Regular Unleaded Recommended),Midsize Cars,311
LEGACY,All Wheel Drive,Gasoline (Regular Unleaded Recommended),Midsize Cars,387
AVALON,2-Wheel Drive  Front,Gasoline (Regular Unleaded Recommended),Midsize Cars,366
AVALON HYBRID,2-Wheel Drive  Front,Gasoline (Regular Unleaded Recommended),Midsize Cars,223
CAMRY,2-Wheel Drive  Front,Gasoline (Regular Unleaded Recommended),Midsize Cars,264
CAMRY,2-Wheel Drive  Front,Gasoline (Regular Unleaded Recommended),Midsize Cars,338
CAMRY HYBRID LE,2-Wheel Drive  Front,Gasoline (Regular Unleaded Recommended),Midsize Cars,170
CAMRY HYBRID XLE/SE,2-Wheel Drive  Front,Gasoline (Regular Unleaded Recommended),Midsize Cars,195
CAMRY LE/SE,2-Wheel Drive  Front,Gasoline (Regular Unleaded Recommended),Midsize Cars,277
CAMRY XLE/XSE,2-Wheel Drive  Front,Gasoline (Regular Unleaded Recommended),Midsize Cars,274
CAMRY XSE,2-Wheel Drive  Front,Gasoline (Regular Unleaded Recommended),Midsize Cars,345
Passat,2-Wheel Drive  Front,Gasoline (Regular Unleaded Recommended),Midsize Cars,302
S90 AWD,All Wheel Drive,Gasoline (Premium Unleaded Required),Midsize Cars,340
S90 AWD,All Wheel Drive,Gasoline (Premium Unleaded Required),Midsize Cars,354
S90 FWD,2-Wheel Drive  Front,Gasoline (Premium Unleaded Required),Midsize Cars,322
A8L,All Wheel Drive,Gasoline (Premium Unleaded Recommended),Large Cars,397
330i xDrive Gran Turismo,All Wheel Drive,Gasoline (Premium Unleaded Recommended),Large Cars,333
340i xDrive Gran Turismo,All Wheel Drive,Gasoline (Premium Unleaded Recommended),Large Cars,382
740i,2-Wheel Drive  Rear,Gasoline (Premium Unleaded Recommended),Large Cars,372
740i xDrive,All Wheel Drive,Gasoline (Premium Unleaded Recommended),Large Cars,382
750i,2-Wheel Drive  Rear,Gasoline (Premium Unleaded Recommended),Large Cars,449
750i xDrive,All Wheel Drive,Gasoline (Premium Unleaded Recommended),Large Cars,463
Alpina B7 xDrive,All Wheel Drive,Gasoline (Premium Unleaded Recommended),Large Cars,463
M760i xDrive,All Wheel Drive,Gasoline (Premium Unleaded Recommended),Large Cars,571
X1 sDrive28i,2-Wheel Drive  Front,Gasoline (Premium Unleaded Recommended),Large Cars,337
X1 xDrive28i,All Wheel Drive,Gasoline (Premium Unleaded Recommended),Large Cars,349
CT6,2-Wheel Drive  Rear,Gasoline (Premium Unleaded Required),Large Cars,360
CT6 AWD,All Wheel Drive,Gasoline (Premium Unleaded Required),Large Cars,424
CT6 AWD,All Wheel Drive,Gasoline (Regular Unleaded Recommended),Large Cars,416
IMPALA,2-Wheel Drive  Front,Gasoline (Regular Unleaded Recommended),Large Cars,360
IMPALA,2-Wheel Drive  Front,Gasoline (Regular Unleaded Recommended),Large Cars,404
IMPALA,2-Wheel Drive  Front,Gasoline (Regular Unleaded Recommended),Large Cars,409
300,2-Wheel Drive  Rear,Gasoline (Regular Unleaded Recommended),Large Cars,389
300,2-Wheel Drive  Rear,Gasoline (Regular Unleaded Recommended),Large Cars,389
300,2-Wheel Drive  Rear,Gasoline (Mid Grade Unleaded Recommended),Large Cars,466
300 AWD,All Wheel Drive,Gasoline (Regular Unleaded Recommended),Large Cars,415
300 AWD,All Wheel Drive,Gasoline (Regular Unleaded Recommended),Large Cars,415
Charger,2-Wheel Drive  Rear,Gasoline (Regular Unleaded Recommended),Large Cars,389
Charger,2-Wheel Drive  Rear,Gasoline (Regular Unleaded Recommended),Large Cars,389
Charger,2-Wheel Drive  Rear,Gasoline (Mid Grade Unleaded Recommended),Large Cars,466
Charger,2-Wheel Drive  Rear,Gasoline (Premium Unleaded Required),Large Cars,486
Charger AWD,All Wheel Drive,Gasoline (Regular Unleaded Recommended),Large Cars,415
Charger AWD,All Wheel Drive,Gasoline (Regular Unleaded Recommended),Large Cars,415
Charger SRT,2-Wheel Drive  Rear,Gasoline (Premium Unleaded Required),Large Cars,546
Charger SRT,2-Wheel Drive  Rear,Gasoline (Premium Unleaded Required),Large Cars,486
G80 AWD,All Wheel Drive,Gasoline (Premium Unleaded Recommended),Large Cars,453
G80 AWD,All Wheel Drive,Gasoline (Regular Unleaded Recommended),Large Cars,445
G80 AWD,All Wheel Drive,Gasoline (Premium Unleaded Recommended),Large Cars,503
G80 RWD,2-Wheel Drive  Rear,Gasoline (Premium Unleaded Recommended),Large Cars,442
G80 RWD,2-Wheel Drive  Rear,Gasoline (Regular Unleaded Recommended),Large Cars,414
G80 RWD,2-Wheel Drive  Rear,Gasoline (Premium Unleaded Recommended),Large Cars,474
G90 AWD,All Wheel Drive,Gasoline (Premium Unleaded Recommended),Large Cars,448
G90 AWD,All Wheel Drive,Gasoline (Premium Unleaded Recommended),Large Cars,493
G90 RWD,2-Wheel Drive  Rear,Gasoline (Premium Unleaded Recommended),Large Cars,454
G90 RWD,2-Wheel Drive  Rear,Gasoline (Premium Unleaded Recommended),Large Cars,482
Elantra GT,2-Wheel Drive  Front,Gasoline (Regular Unleaded Recommended),Large Cars,317
Elantra GT,2-Wheel Drive  Front,Gasoline (Regular Unleaded Recommended),Large Cars,363
Elantra GT,2-Wheel Drive  Front,Gasoline (Regular Unleaded Recommended),Large Cars,327
Elantra GT,2-Wheel Drive  Front,Gasoline (Regular Unleaded Recommended),Large Cars,338
Sonata,2-Wheel Drive  Front,Gasoline (Regular Unleaded Recommended),Large Cars,284
Sonata,2-Wheel Drive  Front,Gasoline (Regular Unleaded Recommended),Large Cars,342
Sonata,2-Wheel Drive  Front,Gasoline (Regular Unleaded Recommended),Large Cars,316
Sonata SE,2-Wheel Drive  Front,Gasoline (Regular Unleaded Recommended),Large Cars,308
Forte5,2-Wheel Drive  Front,Gasoline (Regular Unleaded Recommended),Large Cars,332
Forte5,2-Wheel Drive  Front,Gasoline (Regular Unleaded Recommended),Large Cars,353
Forte5,2-Wheel Drive  Front,Gasoline (Regular Unleaded Recommended),Large Cars,317
Optima,2-Wheel Drive  Front,Gasoline (Regular Unleaded Recommended),Large Cars,286
Optima,2-Wheel Drive  Front,Gasoline (Regular Unleaded Recommended),Large Cars,360
Optima,2-Wheel Drive  Front,Gasoline (Regular Unleaded Recommended),Large Cars,321
Optima FE,2-Wheel Drive  Front,Gasoline (Regular Unleaded Recommended),Large Cars,310
QUATTROPORTE S,2-Wheel Drive  Rear,Gasoline (Premium Unleaded Required),Large Cars,482
QUATTROPORTE SQ4 V6,All Wheel Drive,Gasoline (Premium Unleaded Required),Large Cars,485
QUATTROPORTE V8,2-Wheel Drive  Rear,Gasoline (Premium Unleaded Required),Large Cars,517
allroad quattro,All Wheel Drive,Gasoline (Premium Unleaded Recommended),Small Station Wagons,350
330i xDrive Sports Wagon,All Wheel Drive,Gasoline (Premium Unleaded Recommended),Small Station Wagons,333
SONIC 5,2-Wheel Drive  Front,Gasoline (Regular Unleaded Recommended),Small Station Wagons,296
SONIC 5,2-Wheel Drive  Front,Gasoline (Regular Unleaded Recommended),Small Station Wagons,280
500L,2-Wheel Drive  Front,Gasoline (Premium Unleaded Recommended),Small Station Wagons,356
FIT,2-Wheel Drive  Front,Gasoline (Regular Unleaded Recommended),Small Station Wagons,246
FIT,2-Wheel Drive  Front,Gasoline (Regular Unleaded Recommended),Small Station Wagons,267
FIT,2-Wheel Drive  Front,Gasoline (Regular Unleaded Recommended),Small Station Wagons,282
Soul,2-Wheel Drive  Front,Gasoline (Regular Unleaded Recommended),Small Station Wagons,320
Soul,2-Wheel Drive  Front,Gasoline (Regular Unleaded Recommended),Small Station Wagons,330
Soul,2-Wheel Drive  Front,Gasoline (Regular Unleaded Recommended),Small Station Wagons,335
Soul,2-Wheel Drive  Front,Gasoline (Regular Unleaded Recommended),Small Station Wagons,334
IMPREZA 5-Door,All Wheel Drive,Gasoline (Regular Unleaded Recommended),Small Station Wagons,282
IMPREZA 5-Door,All Wheel Drive,Gasoline (Regular Unleaded Recommended),Small Station Wagons,335
IMPREZA SPORT 5-Door,All Wheel Drive,Gasoline (Regular Unleaded Recommended),Small Station Wagons,292
IMPREZA SPORT 5-Door,All Wheel Drive,Gasoline (Regular Unleaded Recommended),Small Station Wagons,351
V60 AWD,All Wheel Drive,Gasoline (Regular Unleaded Recommended),Small Station Wagons,338
V60 AWD,All Wheel Drive,Gasoline (Premium Unleaded Required),Small Station Wagons,345
V60 CC AWD,All Wheel Drive,Gasoline (Regular Unleaded Recommended),Small Station Wagons,354
V60 FWD,2-Wheel Drive  Front,Gasoline (Regular Unleaded Recommended),Small Station Wagons,304
V60 Polestar AWD,All Wheel Drive,Gasoline (Premium Unleaded Required),Small Station Wagons,393
AMG GLA 45 4MATIC,4-Wheel Drive,Gasoline (Premium Unleaded Required),Midsize Station Wagons,361
GLA 250,2-Wheel Drive  Front,Gasoline (Premium Unleaded Required),Midsize Station Wagons,322
V90 AWD,All Wheel Drive,Gasoline (Premium Unleaded Required),Midsize Station Wagons,354
V90 CC AWD,All Wheel Drive,Gasoline (Premium Unleaded Required),Midsize Station Wagons,361
V90 CC AWD,All Wheel Drive,Gasoline (Premium Unleaded Required),Midsize Station Wagons,344
V90 FWD,2-Wheel Drive  Front,Gasoline (Premium Unleaded Required),Midsize Station Wagons,322
COLORADO 2WD,2-Wheel Drive  Rear,Gasoline (Regular Unleaded Recommended),Small Pick-up Trucks 2WD,406
COLORADO 2WD,2-Wheel Drive  Rear,Gasoline (Regular Unleaded Recommended),Small Pick-up Trucks 2WD,403
COLORADO 2WD,2-Wheel Drive  Rear,Diesel  ultra low sulfur (15 ppm  maximum),Small Pick-up Trucks 2WD,413
COLORADO 2WD,2-Wheel Drive  Rear,Gasoline (Regular Unleaded Recommended),Small Pick-up Trucks 2WD,440
CANYON 2WD,2-Wheel Drive  Rear,Gasoline (Regular Unleaded Recommended),Small Pick-up Trucks 2WD,406
CANYON 2WD,2-Wheel Drive  Rear,Gasoline (Regular Unleaded Recommended),Small Pick-up Trucks 2WD,403
CANYON 2WD,2-Wheel Drive  Rear,Diesel  ultra low sulfur (15 ppm  maximum),Small Pick-up Trucks 2WD,413
CANYON 2WD,2-Wheel Drive  Rear,Gasoline (Regular Unleaded Recommended),Small Pick-up Trucks 2WD,440
RIDGELINE FWD,2-Wheel Drive  Front,Gasoline (Regular Unleaded Recommended),Small Pick-up Trucks 2WD,410
COLORADO 4WD,4-Wheel Drive,Gasoline (Regular Unleaded Recommended),Small Pick-up Trucks 4WD,429
COLORADO 4WD,4-Wheel Drive,Diesel  ultra low sulfur (15 ppm  maximum),Small Pick-up Trucks 4WD,450
COLORADO 4WD,4-Wheel Drive,Gasoline (Regular Unleaded Recommended),Small Pick-up Trucks 4WD,463
COLORADO ZR2 4WD,4-Wheel Drive,Diesel  ultra low sulfur (15 ppm  maximum),Small Pick-up Trucks 4WD,506
COLORADO ZR2 4WD,4-Wheel Drive,Gasoline (Regular Unleaded Recommended),Small Pick-up Trucks 4WD,532
CANYON 4WD,4-Wheel Drive,Gasoline (Regular Unleaded Recommended),Small Pick-up Trucks 4WD,429
CANYON 4WD,4-Wheel Drive,Diesel  ultra low sulfur (15 ppm  maximum),Small Pick-up Trucks 4WD,450
CANYON 4WD,4-Wheel Drive,Gasoline (Regular Unleaded Recommended),Small Pick-up Trucks 4WD,463
C15 SILVERADO 2WD,2-Wheel Drive  Rear,Gasoline (Regular Unleaded Recommended),Standard Pick-up Trucks 2WD,448
C15 SILVERADO 2WD,2-Wheel Drive  Rear,Gasoline (Regular Unleaded Recommended),Standard Pick-up Trucks 2WD,476
C15 SILVERADO 2WD,2-Wheel Drive  Rear,Gasoline (Regular Unleaded Recommended),Standard Pick-up Trucks 2WD,475
C15 SILVERADO 2WD,2-Wheel Drive  Rear,Gasoline (Regular Unleaded Recommended),Standard Pick-up Trucks 2WD,495
C15 SILVERADO 2WD,2-Wheel Drive  Rear,Gasoline (Regular Unleaded Recommended),Standard Pick-up Trucks 2WD,447
C15 SILVERADO 2WD,2-Wheel Drive  Rear,Gasoline (Premium Unleaded Required),Standard Pick-up Trucks 2WD,522
C15 SIERRA 2WD,2-Wheel Drive  Rear,Gasoline (Regular Unleaded Recommended),Standard Pick-up Trucks 2WD,448
C15 SIERRA 2WD,2-Wheel Drive  Rear,Gasoline (Regular Unleaded Recommended),Standard Pick-up Trucks 2WD,475
C15 SIERRA 2WD,2-Wheel Drive  Rear,Gasoline (Regular Unleaded Recommended),Standard Pick-up Trucks 2WD,475
C15 SIERRA 2WD,2-Wheel Drive  Rear,Gasoline (Regular Unleaded Recommended),Standard Pick-up Trucks 2WD,495
C15 SIERRA 2WD,2-Wheel Drive  Rear,Gasoline (Regular Unleaded Recommended),Standard Pick-up Trucks 2WD,447
C15 SIERRA 2WD,2-Wheel Drive  Rear,Gasoline (Premium Unleaded Required),Standard Pick-up Trucks 2WD,517
K15 SILVERADO 4WD,4-Wheel Drive,Gasoline (Regular Unleaded Recommended),Standard Pick-up Trucks 4WD,473
K15 SILVERADO 4WD,4-Wheel Drive,Gasoline (Regular Unleaded Recommended),Standard Pick-up Trucks 4WD,522
K15 SILVERADO 4WD,4-Wheel Drive,Gasoline (Regular Unleaded Recommended),Standard Pick-up Trucks 4WD,490
K15 SILVERADO 4WD,4-Wheel Drive,Gasoline (Premium Unleaded Required),Standard Pick-up Trucks 4WD,524
K15 SIERRA 4WD,4-Wheel Drive,Gasoline (Regular Unleaded Recommended),Standard Pick-up Trucks 4WD,474
K15 SIERRA 4WD,4-Wheel Drive,Gasoline (Regular Unleaded Recommended),Standard Pick-up Trucks 4WD,522
K15 SIERRA 4WD,4-Wheel Drive,Gasoline (Regular Unleaded Recommended),Standard Pick-up Trucks 4WD,490
K15 SIERRA 4WD,4-Wheel Drive,Gasoline (Premium Unleaded Required),Standard Pick-up Trucks 4WD,524
RIDGELINE AWD,All Wheel Drive,Gasoline (Regular Unleaded Recommended),Standard Pick-up Trucks 4WD,424
Transit Connect Van 2WD,2-Wheel Drive  Front,Gasoline (Regular Unleaded Recommended),Special Purpose Vehicle 2WD,392
TRANSIT CONNECT VAN FFV,2-Wheel Drive  Front,Gasoline (Regular Unleaded Recommended),Special Purpose Vehicle 2WD,392
TRANSIT CONNECT WAGON FFV,2-Wheel Drive  Front,Gasoline (Regular Unleaded Recommended),Special Purpose Vehicle 2WD,404
TRANSIT CONNECT WAGON FWD,2-Wheel Drive  Front,Gasoline (Regular Unleaded Recommended),Special Purpose Vehicle 2WD,404
TRANSIT CONNECT WAGON LWB FFV,2-Wheel Drive  Front,Gasoline (Regular Unleaded Recommended),Special Purpose Vehicle 2WD,404
Transit Connect Wagon LWB FWD,2-Wheel Drive  Front,Gasoline (Regular Unleaded Recommended),Special Purpose Vehicle 2WD,404
Promaster City,2-Wheel Drive  Front,Gasoline (Regular Unleaded Recommended),Special Purpose Vehicle 2WD,374
MKT LIVERY AWD,All Wheel Drive,Gasoline (Regular Unleaded Recommended),Special Purpose Vehicle 4WD,493
C15 SILVERADO 2WD CAB CHASSIS,2-Wheel Drive  Rear,Gasoline (Regular Unleaded Recommended),Special Purpose Vehicle cab chassis,523
COLORADO CAB CHASSIS 2WD,2-Wheel Drive  Rear,Gasoline (Regular Unleaded Recommended),Special Purpose Vehicle cab chassis,589
K15 SILVERADO 4WD CAB CHASSIS,4-Wheel Drive,Gasoline (Regular Unleaded Recommended),Special Purpose Vehicle cab chassis,523
C15 SIERRA 2WD CAB CHASSIS,2-Wheel Drive  Rear,Gasoline (Regular Unleaded Recommended),Special Purpose Vehicle cab chassis,523
CANYON CAB CHASSIS 2WD,2-Wheel Drive  Rear,Gasoline (Regular Unleaded Recommended),Special Purpose Vehicle cab chassis,589
K15 SIERRA 4WD CAB CHASSIS,4-Wheel Drive,Gasoline (Regular Unleaded Recommended),Special Purpose Vehicle cab chassis,523
Pacifica,2-Wheel Drive  Front,Gasoline (Regular Unleaded Recommended),Special Purpose Vehicle  minivan 2WD,401
ODYSSEY FWD,2-Wheel Drive  Front,Gasoline (Regular Unleaded Recommended),Special Purpose Vehicle  minivan 2WD,395
ODYSSEY FWD,2-Wheel Drive  Front,Gasoline (Regular Unleaded Recommended),Special Purpose Vehicle  minivan 2WD,406
Sedona,2-Wheel Drive  Front,Gasoline (Regular Unleaded Recommended),Special Purpose Vehicle  minivan 2WD,443
Sedona SX,2-Wheel Drive  Front,Gasoline (Regular Unleaded Recommended),Special Purpose Vehicle  minivan 2WD,433
Sedona SXL,2-Wheel Drive  Front,Gasoline (Regular Unleaded Recommended),Special Purpose Vehicle  minivan 2WD,476
RDX FWD,2-Wheel Drive  Front,Gasoline (Premium Unleaded Recommended),Small SUV 2WD,386
ENCORE,2-Wheel Drive  Front,Gasoline (Regular Unleaded Recommended),Small SUV 2WD,298
XT5,2-Wheel Drive  Front,Gasoline (Regular Unleaded Recommended),Small SUV 2WD,405
EQUINOX FWD,2-Wheel Drive  Front,Gasoline (Regular Unleaded Recommended),Small SUV 2WD,314
EQUINOX FWD,2-Wheel Drive  Front,Gasoline (Premium Unleaded Required),Small SUV 2WD,355
TERRAIN,2-Wheel Drive  Front,Gasoline (Premium Unleaded Required),Small SUV 2WD,369
Santa Fe FWD,2-Wheel Drive  Front,Gasoline (Regular Unleaded Recommended),Small SUV 2WD,427
Santa Fe Sport FWD,2-Wheel Drive  Front,Gasoline (Regular Unleaded Recommended),Small SUV 2WD,388
Santa Fe Sport FWD,2-Wheel Drive  Front,Gasoline (Regular Unleaded Recommended),Small SUV 2WD,379
Santa Fe Sport ULTIMATE FWD,2-Wheel Drive  Front,Gasoline (Regular Unleaded Recommended),Small SUV 2WD,396
Santa Fe Ultimate FWD,2-Wheel Drive  Front,Gasoline (Regular Unleaded Recommended),Small SUV 2WD,457
Cherokee FWD,2-Wheel Drive  Front,Gasoline (Regular Unleaded Recommended),Small SUV 2WD,361
Cherokee FWD,2-Wheel Drive  Front,Gasoline (Regular Unleaded Recommended),Small SUV 2WD,361
Cherokee FWD,2-Wheel Drive  Front,Gasoline (Mid Grade Unleaded Recommended),Small SUV 2WD,377
Compass 4X2,2-Wheel Drive  Front,Gasoline (Regular Unleaded Recommended),Small SUV 2WD,350
Compass 4X2,2-Wheel Drive  Front,Gasoline (Regular Unleaded Recommended),Small SUV 2WD,339
Sorento FWD,2-Wheel Drive  Front,Gasoline (Regular Unleaded Recommended),Small SUV 2WD,397
Sorento FWD,2-Wheel Drive  Front,Gasoline (Regular Unleaded Recommended),Small SUV 2WD,377
Sorento FWD,2-Wheel Drive  Front,Gasoline (Regular Unleaded Recommended),Small SUV 2WD,436
Sportage FE FWD,2-Wheel Drive  Front,Gasoline (Regular Unleaded Recommended),Small SUV 2WD,351
Sportage FWD,2-Wheel Drive  Front,Gasoline (Regular Unleaded Recommended),Small SUV 2WD,392
Sportage FWD,2-Wheel Drive  Front,Gasoline (Regular Unleaded Recommended),Small SUV 2WD,358
CX-9 2WD,2-Wheel Drive  Front,Gasoline (Regular Unleaded Recommended),Small SUV 2WD,362
GLC 300,2-Wheel Drive  Rear,Gasoline (Premium Unleaded Required),Small SUV 2WD,364
Atlas,2-Wheel Drive  Front,Gasoline (Regular Unleaded Recommended),Small SUV 2WD,438
Tiguan,2-Wheel Drive  Front,Gasoline (Regular Unleaded Recommended),Small SUV 2WD,368
RDX AWD,All Wheel Drive,Gasoline (Premium Unleaded Recommended),Small SUV 4WD,402
Stelvio AWD,All Wheel Drive,Gasoline (Premium Unleaded Recommended),Small SUV 4WD,364
Q5,All Wheel Drive,Gasoline (Premium Unleaded Recommended),Small SUV 4WD,363
SQ5,All Wheel Drive,Gasoline (Premium Unleaded Recommended),Small SUV 4WD,434
X4 M40i,All Wheel Drive,Gasoline (Premium Unleaded Recommended),Small SUV 4WD,429
X4 xDrive28i,All Wheel Drive,Gasoline (Premium Unleaded Recommended),Small SUV 4WD,384
ENCORE AWD,All Wheel Drive,Gasoline (Regular Unleaded Recommended),Small SUV 4WD,335
ENCORE AWD,All Wheel Drive,Gasoline (Regular Unleaded Recommended),Small SUV 4WD,319
XT5 AWD,All Wheel Drive,Gasoline (Regular Unleaded Recommended),Small SUV 4WD,423
EQUINOX AWD,All Wheel Drive,Gasoline (Regular Unleaded Recommended),Small SUV 4WD,337
EQUINOX AWD,All Wheel Drive,Gasoline (Premium Unleaded Required),Small SUV 4WD,367
TRAX AWD,All Wheel Drive,Gasoline (Regular Unleaded Recommended),Small SUV 4WD,335
TERRAIN AWD,All Wheel Drive,Gasoline (Regular Unleaded Recommended),Small SUV 4WD,339
TERRAIN AWD,All Wheel Drive,Gasoline (Premium Unleaded Required),Small SUV 4WD,386
Santa Fe AWD,All Wheel Drive,Gasoline (Regular Unleaded Recommended),Small SUV 4WD,433
Santa Fe Sport AWD,All Wheel Drive,Gasoline (Regular Unleaded Recommended),Small SUV 4WD,410
Santa Fe Sport AWD,All Wheel Drive,Gasoline (Regular Unleaded Recommended),Small SUV 4WD,406
Santa Fe Sport ULTIMATE AWD,All Wheel Drive,Gasoline (Regular Unleaded Recommended),Small SUV 4WD,425
Santa Fe Ultimate AWD,All Wheel Drive,Gasoline (Regular Unleaded Recommended),Small SUV 4WD,475
F-Pace,All Wheel Drive,Diesel  ultra low sulfur (15 ppm  maximum),Small SUV 4WD,352
F-Pace,All Wheel Drive,Gasoline (Premium Unleaded Recommended),Small SUV 4WD,365
F-Pace,All Wheel Drive,Gasoline (Premium Unleaded Recommended),Small SUV 4WD,446
Cherokee 4X4,All Wheel Drive,Gasoline (Regular Unleaded Recommended),Small SUV 4WD,378
Cherokee 4X4,All Wheel Drive,Gasoline (Regular Unleaded Recommended),Small SUV 4WD,378
Cherokee 4X4,All Wheel Drive,Gasoline (Mid Grade Unleaded Recommended),Small SUV 4WD,388
Cherokee 4x4 Active Drive II,4-Wheel Drive,Gasoline (Regular Unleaded Recommended),Small SUV 4WD,385
Cherokee 4x4 Active Drive II,4-Wheel Drive,Gasoline (Mid Grade Unleaded Recommended),Small SUV 4WD,416
Cherokee Trailhawk 4X4,4-Wheel Drive,Gasoline (Regular Unleaded Recommended),Small SUV 4WD,412
Cherokee Trailhawk 4X4,4-Wheel Drive,Gasoline (Mid Grade Unleaded Recommended),Small SUV 4WD,432
Compass 4X4,All Wheel Drive,Gasoline (Regular Unleaded Recommended),Small SUV 4WD,358
Compass 4X4,All Wheel Drive,Gasoline (Regular Unleaded Recommended),Small SUV 4WD,355
Sorento AWD,All Wheel Drive,Gasoline (Regular Unleaded Recommended),Small SUV 4WD,414
Sorento AWD,All Wheel Drive,Gasoline (Regular Unleaded Recommended),Small SUV 4WD,397
Sorento AWD,All Wheel Drive,Gasoline (Regular Unleaded Recommended),Small SUV 4WD,465
Sorento AWD FE,All Wheel Drive,Gasoline (Regular Unleaded Recommended),Small SUV 4WD,434
Sportage AWD,All Wheel Drive,Gasoline (Regular Unleaded Recommended),Small SUV 4WD,424
Sportage AWD,All Wheel Drive,Gasoline (Regular Unleaded Recommended),Small SUV 4WD,397
Sportage FE AWD,All Wheel Drive,Gasoline (Regular Unleaded Recommended),Small SUV 4WD,400
Range Rover Velar,All Wheel Drive,Gasoline (Premium Unleaded Recommended),Small SUV 4WD,439
CX-9 4WD,4-Wheel Drive,Gasoline (Regular Unleaded Recommended),Small SUV 4WD,391
AMG GLC 43 4MATIC,4-Wheel Drive,Gasoline (Premium Unleaded Required),Small SUV 4WD,443
AMG GLC 43 4MATIC (coupe),4-Wheel Drive,Gasoline (Premium Unleaded Required),Small SUV 4WD,438
GLA 250 4MATIC,4-Wheel Drive,Gasoline (Premium Unleaded Required),Small SUV 4WD,337
GLA 250 4MATIC,Part-time 4-Wheel Drive,Gasoline (Premium Unleaded Required),Small SUV 4WD,337
GLC 300 4MATIC,4-Wheel Drive,Gasoline (Premium Unleaded Required),Small SUV 4WD,374
GLC 300 4MATIC (Coupe),4-Wheel Drive,Gasoline (Premium Unleaded Required),Small SUV 4WD,375
CROSSTREK,All Wheel Drive,Gasoline (Regular Unleaded Recommended),Small SUV 4WD,301
CROSSTREK,All Wheel Drive,Gasoline (Regular Unleaded Recommended),Small SUV 4WD,353
FORESTER,All Wheel Drive,Gasoline (Premium Unleaded Recommended),Small SUV 4WD,359
FORESTER,All Wheel Drive,Gasoline (Regular Unleaded Recommended),Small SUV 4WD,315
FORESTER,All Wheel Drive,Gasoline (Regular Unleaded Recommended),Small SUV 4WD,368
OUTBACK,All Wheel Drive,Gasoline (Regular Unleaded Recommended),Small SUV 4WD,320
OUTBACK,All Wheel Drive,Gasoline (Regular Unleaded Recommended),Small SUV 4WD,398
Atlas 4Motion,All Wheel Drive,Gasoline (Regular Unleaded Recommended),Small SUV 4WD,454
Tiguan 4Motion,All Wheel Drive,Gasoline (Regular Unleaded Recommended),Small SUV 4WD,382
XC60 AWD,All Wheel Drive,Gasoline (Premium Unleaded Required),Small SUV 4WD,367
XC60 AWD,All Wheel Drive,Gasoline (Premium Unleaded Required),Small SUV 4WD,385
ESCALADE 2WD,2-Wheel Drive  Rear,Gasoline (Premium Unleaded Required),Standard SUV 2WD,517
C1500 SUBURBAN 2WD,2-Wheel Drive  Rear,Gasoline (Regular Unleaded Recommended),Standard SUV 2WD,468
C1500 SUBURBAN 2WD,2-Wheel Drive  Rear,Gasoline (Regular Unleaded Recommended),Standard SUV 2WD,468
C1500 TAHOE 2WD,2-Wheel Drive  Rear,Gasoline (Regular Unleaded Recommended),Standard SUV 2WD,468
C1500 TAHOE 2WD,2-Wheel Drive  Rear,Gasoline (Regular Unleaded Recommended),Standard SUV 2WD,468
C1500 TAHOE 2WD,2-Wheel Drive  Rear,Gasoline (Premium Unleaded Required),Standard SUV 2WD,517
TRAVERSE,2-Wheel Drive  Front,Gasoline (Regular Unleaded Recommended),Standard SUV 2WD,416
Durango RWD,2-Wheel Drive  Rear,Gasoline (Regular Unleaded Recommended),Standard SUV 2WD,414
Flex FWD,2-Wheel Drive  Front,Gasoline (Regular Unleaded Recommended),Standard SUV 2WD,468
ACADIA FWD,2-Wheel Drive  Front,Gasoline (Regular Unleaded Recommended),Standard SUV 2WD,386
ACADIA FWD,2-Wheel Drive  Front,Gasoline (Regular Unleaded Recommended),Standard SUV 2WD,423
C1500 YUKON 2WD,2-Wheel Drive  Rear,Gasoline (Regular Unleaded Recommended),Standard SUV 2WD,468
C1500 YUKON 2WD,2-Wheel Drive  Rear,Gasoline (Regular Unleaded Recommended),Standard SUV 2WD,468
C1500 YUKON 2WD,2-Wheel Drive  Rear,Gasoline (Premium Unleaded Required),Standard SUV 2WD,517
C1500 YUKON XL 2WD,2-Wheel Drive  Rear,Gasoline (Regular Unleaded Recommended),Standard SUV 2WD,468
C1500 YUKON XL 2WD,2-Wheel Drive  Rear,Gasoline (Regular Unleaded Recommended),Standard SUV 2WD,468
C1500 YUKON XL 2WD,2-Wheel Drive  Rear,Gasoline (Premium Unleaded Required),Standard SUV 2WD,517
Grand Cherokee 4X2,2-Wheel Drive  Rear,Gasoline (Regular Unleaded Recommended),Standard SUV 2WD,414
MKT FWD,2-Wheel Drive  Front,Gasoline (Regular Unleaded Recommended),Standard SUV 2WD,468
GLE 350,2-Wheel Drive  Rear,Gasoline (Premium Unleaded Required),Standard SUV 2WD,440
ARMADA 2WD,2-Wheel Drive  Rear,Gasoline (Regular Unleaded Recommended),Standard SUV 2WD,555
XC90 FWD,2-Wheel Drive  Front,Gasoline (Premium Unleaded Required),Standard SUV 2WD,353
Q7,All Wheel Drive,Gasoline (Premium Unleaded Recommended),Standard SUV 4WD,415
Q7,All Wheel Drive,Gasoline (Premium Unleaded Recommended),Standard SUV 4WD,419
Bentayga,All Wheel Drive,Gasoline (Premium Unleaded Recommended),Standard SUV 4WD,596
ESCALADE 4WD,4-Wheel Drive,Gasoline (Regular Unleaded Recommended),Standard SUV 4WD,533
K1500 SUBURBAN 4WD,4-Wheel Drive,Gasoline (Regular Unleaded Recommended),Standard SUV 4WD,504
K1500 SUBURBAN 4WD,4-Wheel Drive,Gasoline (Regular Unleaded Recommended),Standard SUV 4WD,483
K1500 TAHOE 4WD,4-Wheel Drive,Gasoline (Regular Unleaded Recommended),Standard SUV 4WD,497
K1500 TAHOE 4WD,4-Wheel Drive,Gasoline (Regular Unleaded Recommended),Standard SUV 4WD,497
K1500 TAHOE 4WD,4-Wheel Drive,Gasoline (Regular Unleaded Recommended),Standard SUV 4WD,523
TRAVERSE AWD,All Wheel Drive,Gasoline (Regular Unleaded Recommended),Standard SUV 4WD,444
Durango AWD,All Wheel Drive,Gasoline (Regular Unleaded Recommended),Standard SUV 4WD,427
Durango SRT AWD,All Wheel Drive,Gasoline (Premium Unleaded Recommended),Standard SUV 4WD,584
FLEX AWD,All Wheel Drive,Gasoline (Regular Unleaded Recommended),Standard SUV 4WD,523
FLEX AWD,All Wheel Drive,Gasoline (Regular Unleaded Recommended),Standard SUV 4WD,494
ACADIA AWD,All Wheel Drive,Gasoline (Regular Unleaded Recommended),Standard SUV 4WD,392
ACADIA AWD,All Wheel Drive,Gasoline (Regular Unleaded Recommended),Standard SUV 4WD,442
K1500 YUKON 4WD,4-Wheel Drive,Gasoline (Regular Unleaded Recommended),Standard SUV 4WD,497
K1500 YUKON 4WD,4-Wheel Drive,Gasoline (Regular Unleaded Recommended),Standard SUV 4WD,497
K1500 YUKON 4WD,4-Wheel Drive,Gasoline (Regular Unleaded Recommended),Standard SUV 4WD,523
K1500 YUKON XL 4WD,4-Wheel Drive,Gasoline (Regular Unleaded Recommended),Standard SUV 4WD,504
K1500 YUKON XL 4WD,4-Wheel Drive,Gasoline (Regular Unleaded Recommended),Standard SUV 4WD,483
K1500 YUKON XL 4WD,4-Wheel Drive,Gasoline (Regular Unleaded Recommended),Standard SUV 4WD,548
Grand Cherokee 4X4,All Wheel Drive,Gasoline (Regular Unleaded Recommended),Standard SUV 4WD,427
Grand Cherokee SRT 4x4,All Wheel Drive,Gasoline (Premium Unleaded Recommended),Standard SUV 4WD,592
MKT AWD,All Wheel Drive,Gasoline (Regular Unleaded Recommended),Standard SUV 4WD,523
LEVANTE,All Wheel Drive,Gasoline (Premium Unleaded Required),Standard SUV 4WD,548
LEVANTE S,All Wheel Drive,Gasoline (Premium Unleaded Required),Standard SUV 4WD,557
AMG GLE 43 4MATIC,4-Wheel Drive,Gasoline (Premium Unleaded Required),Standard SUV 4WD,454
AMG GLE 43 4MATIC (coupe),4-Wheel Drive,Gasoline (Premium Unleaded Required),Standard SUV 4WD,459
AMG GLE 63,4-Wheel Drive,Gasoline (Premium Unleaded Required),Standard SUV 4WD,586
AMG GLE 63 S,4-Wheel Drive,Gasoline (Premium Unleaded Required),Standard SUV 4WD,586
AMG GLE 63 S (coupe),4-Wheel Drive,Gasoline (Premium Unleaded Required),Standard SUV 4WD,582
AMG GLS 63,4-Wheel Drive,Gasoline (Premium Unleaded Required),Standard SUV 4WD,591
GLE 350 4MATIC,4-Wheel Drive,Gasoline (Premium Unleaded Required),Standard SUV 4WD,457
GLE 350 4MATIC,4-Wheel Drive,Gasoline (Premium Unleaded Required),Standard SUV 4WD,457
GLS 450 4MATIC,4-Wheel Drive,Gasoline (Premium Unleaded Required),Standard SUV 4WD,477
GLS 550 4MATIC,4-Wheel Drive,Gasoline (Premium Unleaded Required),Standard SUV 4WD,556
ARMADA 4WD,4-Wheel Drive,Gasoline (Regular Unleaded Recommended),Standard SUV 4WD,587
XC90 AWD,All Wheel Drive,Gasoline (Premium Unleaded Required),Standard SUV 4WD,365
XC90 AWD,All Wheel Drive,Gasoline (Premium Unleaded Required),Standard SUV 4WD,394